<xml xmlns:o="urn:schemas-microsoft-com:office:office">
 <o:MainFile HRef="../Creating%20an%20Anti-AV%20scanner%20Article.htm"/>
 <o:File HRef="preview.wmf"/>
 <o:File HRef="item0017.xml"/>
 <o:File HRef="props018.xml"/>
 <o:File HRef="themedata.thmx"/>
 <o:File HRef="colorschememapping.xml"/>
 <o:File HRef="image001.png"/>
 <o:File HRef="image002.png"/>
 <o:File HRef="image003.png"/>
 <o:File HRef="image004.png"/>
 <o:File HRef="image005.png"/>
 <o:File HRef="image006.png"/>
 <o:File HRef="image007.png"/>
 <o:File HRef="image008.png"/>
 <o:File HRef="image009.jpg"/>
 <o:File HRef="header.htm"/>
 <o:File HRef="filelist.xml"/>
</xml>